{"cameraMode":{"drawMode":0,"name":"Shaded","section":"Shading Mode"},"sceneLighting":false,"audioPlay":false,"sceneViewState":{"showFog":true,"showMaterialUpdate":false,"showSkybox":true,"showFlares":true,"showImageEffects":true,"showParticleSystems":true},"in2DMode":false,"pivot":{"x":1.003093957901001,"y":-0.0007345676422119141,"z":-1.3600032329559327},"rotation":{"x":0.22497785091400147,"y":0.7018592953681946,"z":-0.25175192952156069,"w":0.627215564250946},"size":6.627274513244629,"orthographic":true}