{"cameraMode":{"drawMode":0,"name":"Shaded","section":"Shading Mode"},"sceneLighting":true,"audioPlay":false,"sceneViewState":{"showFog":true,"showMaterialUpdate":false,"showSkybox":true,"showFlares":true,"showImageEffects":true,"showParticleSystems":true},"in2DMode":false,"pivot":{"x":-8.614594459533692,"y":-20.188919067382814,"z":11.180763244628907},"rotation":{"x":0.7004423141479492,"y":0.019907977432012559,"z":-0.019552718847990037,"w":0.7131633758544922},"size":91.74625396728516,"orthographic":false}